{"cameraMode":{"drawMode":0,"name":"Shaded","section":"Shading Mode"},"sceneLighting":false,"audioPlay":false,"sceneViewState":{"showFog":true,"showMaterialUpdate":false,"showSkybox":true,"showFlares":true,"showImageEffects":true,"showParticleSystems":true},"in2DMode":false,"pivot":{"x":-15.086650848388672,"y":-2.9615681171417238,"z":13.769490242004395},"rotation":{"x":-0.11972749978303909,"y":0.06993760168552399,"z":-0.008455132134258747,"w":-0.9903042912483215},"size":39.57658767700195,"orthographic":false}